﻿<?xml version="1.0" encoding="utf-8" standalone="yes" ?>
<Window size="340,152" mininfo="340,152" sizebox="4,4,4,4" caption="0,0,0,-1" roundcorner="4,4">
	<Font name="微软雅黑" size="12" bold="false" italic="false" default="true" />
	<Font name="微软雅黑" size="14" bold="true" italic="false" />
	<Font name="微软雅黑" size="12" bold="true" italic="false" />
	<Default name="VScrollBar" value="button1normalimage=&quot;file='scrollbar.png' source='0,0,16,16'&quot; button1hotimage=&quot;file='scrollbar.png' source='16,0,32,16,16'&quot; button1pushedimage=&quot;file='scrollbar.png' source='32,0,48,16'&quot; button2normalimage=&quot;file='scrollbar.png' source='0,32,16,48'&quot; button2hotimage=&quot;file='scrollbar.png' source='16,32,32,48'&quot; button2pushedimage=&quot;file='scrollbar.png' source='32,32,48,48'&quot; thumbnormalimage=&quot;file='scrollbar.png' source='0,48,16,64' corner='0,2,0,2'&quot; thumbhotimage=&quot;file='scrollbar.png' source='16,48,32,64' corner='0,2,0,2'&quot; thumbpushedimage=&quot;file='scrollbar.png' source='32,48,48,64' corner='0,2,0,2'&quot; bknormalimage=&quot;file='scrollbar.png' source='0,16,16,32'&quot;" />
	<HorizontalLayout name="general_bg" bkimage="file='bg2.png' corner='380,200,1,1'">
		<VerticalLayout bkimage="file='border.png' corner='5,5,5,5'" inset="1,0,1,1">
			<VerticalLayout bkcolor="#FFF0BC59">
				<!-- 顶部区域 -->
				<HorizontalLayout height="30">
					<VerticalLayout height="30" width="28">
						<Label name="mainframe_appicon" padding="10,7,0,0" width="16" height="16" bkimage="file='logo.png'" textcolor="#FF000000" disabledtextcolor="#FFA7A6AA" />
					</VerticalLayout>
					<VerticalLayout height="30" inset="2,6,2,0">
						<Text name="general_title" text="开通权限" tooltip="开通权限" height="21" textpadding="2,0,2,0" textcolor="#FF000000" font="1" align="wrap" />
					</VerticalLayout>
					<VerticalLayout />
					<VerticalLayout width="104">
						<Button name="general_closebtn" float="true" pos="56,0,95,19" width="39" height="19" maxheight="19" maxwidth="39"  normalimage="file='btn_close_normal.png'" hotimage="btn_close_highlight.png" pushedimage="btn_close_down.png"  />
					</VerticalLayout>
				</HorizontalLayout>
				<!-- 分组添加区域 -->
				<HorizontalLayout height="80" bkcolor="#FFFFFFFF">
					<Control />
					<Text text="您暂未开通该房间的分析师服务" width="200" textpadding="20,30,0,0" textcolor="#FF000000" />
					<Control />
				</HorizontalLayout>
				<!-- 按钮区域 -->
				<HorizontalLayout name="general_login" bkcolor="#FFF2F2F2">
					<Control />
					<Button name="general_open" padding="0,4,0,0"  textcolor="#FFFFFFFF" tooltip="立即开通" text="立即开通" width="90" height="30" maxheight="30" maxwidth="90" bkimage="file='lijikaitong.png'" hotimage="file='lijikaitong.png' corner='2,3,2,2'" pushedimage="file='lijikaitong.png' corner='2,5,2,2'"  />
					<Control />
				</HorizontalLayout>
				<HorizontalLayout height="1" />
			</VerticalLayout>
		</VerticalLayout>
	</HorizontalLayout>
</Window>
