<?xml version="1.0" encoding="utf-8" standalone="yes" ?>
<Window size="177,176" sizebox="4,4,6,6" caption="0,0,0,30">
	<VerticalLayout name="VerticalLayoutUI1" pos="205,186,265,216" width="60" height="30" bkcolor="#FFE9F6FE" bkimage="body.png" bordercolor="#009DABCE">
		<VerticalLayout bordersize="1" bordercolor="#FFD3DEE5">
			<VerticalLayout bkcolor="#FFC0E1FE" height="50">
				<HorizontalLayout name="ContainerUI1" height="29">
					<!-- 前一年 -->
					<!-- <Button name="BTN_UP_YEAR" text="&lt;&lt;" float="true" pos="30,4,50,24" textcolor="#FF000000" disabledtextcolor="#FFA7A6AA" align="center" /> -->
					<Control width="3"/>
					<Button name="BTN_UP_YEAR" width="21" height="21" padding="0,5,0,0" maxheight="21" maxwidth="21" bkimage="file='rili_up_year.png' dest='4,4,17,17'" hotimage="file='btn_hot.png' corner='2,3,2,2'" pushedimage="file='btn_push.png' corner='2,5,2,2'" />
					<!-- 上一月 -->
					<Button name="BTN_UP_MONTH" width="21" height="21" padding="0,5,0,0" maxheight="21" maxwidth="21" bkimage="file='rili_up_month.png' dest='4,4,17,17'" hotimage="file='btn_hot.png' corner='2,3,2,2'" pushedimage="file='btn_push.png' corner='2,5,2,2'" />
					<!-- 月 年 显示文字-->
					
					<Text name = "TXT_MONTH" text="一月" align="center" minwidth="43" height="22" padding = "0,5,0,0" textpadding = "0,5,0,0"  textcolor="#FF000000" />
					<Text name="TXT_YEAR" text="2013" align="center" minwidth="43" height="22" padding = "0,5,0,0" textpadding = "0,5,0,0"  textcolor="#FF000000"  />
					<!-- 下一月 -->
					<Button name="BTN_DOWN_MONTH" width="21" height="21" padding="0,5,0,0" maxheight="21" maxwidth="21" bkimage="file='rili_down_month.png' dest='4,4,17,17'" hotimage="file='btn_hot.png' corner='2,3,2,2'" pushedimage="file='btn_push.png' corner='2,5,2,2'" />
					<!-- 下一年 -->
					<Button name="BTN_DOWN_YEAR" width="21" height="21" padding="0,5,0,0" maxheight="21" maxwidth="21" bkimage="file='rili_down_year.png' dest='4,4,17,17'" hotimage="file='btn_hot.png' corner='2,3,2,2'" pushedimage="file='btn_push.png' corner='2,5,2,2'" />
					<Control width="3"/>
				</HorizontalLayout>
				<Container name="ContainerUI2" pos="0,44,177,58" width="177" height="29">
					<Button name="ButtonUI40" text="日" float="true" pos="1,1,25,19" textcolor="#FFFF0000" disabledtextcolor="#FFA7A6AA" align="center" />
					<Button name="ButtonUI41" text="一" float="true" pos="26,1,50,19" textcolor="#FF000000" disabledtextcolor="#FFA7A6AA" align="center" />
					<Button name="ButtonUI42" text="二" float="true" pos="51,1,75,19" textcolor="#FF000000" disabledtextcolor="#FFA7A6AA" align="center" />
					<Button name="ButtonUI43" text="三" float="true" pos="76,1,100,19" textcolor="#FF000000" disabledtextcolor="#FFA7A6AA" align="center" />
					<Button name="ButtonUI44" text="四" float="true" pos="101,1,125,19" textcolor="#FF000000" disabledtextcolor="#FFA7A6AA" align="center" />
					<Button name="ButtonUI45" text="五" float="true" pos="126,1,150,19" textcolor="#FF000000" disabledtextcolor="#FFA7A6AA" align="center" />
					<Button name="ButtonUI46" text="六" float="true" pos="151,1,175,19" textcolor="#FFFF0000" disabledtextcolor="#FFA7A6AA" align="center" />
				</Container>
			</VerticalLayout>
			<VerticalLayout>
				<Container name="ContainerUI3" float="true" pos="0,0,177,126" width="177" height="126" bordercolor="#00CEAB9D">
					<!-- row 1 -->
					<Button name="ButtonUI5" float="true" pos="1,1,25,19" textcolor="#FF000000" disabledtextcolor="#FFA7A6AA" align="center" hotimage="rilibak.png"/>
					<Button name="ButtonUI6" float="true" pos="26,1,50,19" textcolor="#FF000000" disabledtextcolor="#FFA7A6AA" align="center" hotimage="rilibak.png"/>
					<Button name="ButtonUI7" float="true" pos="51,1,75,19"textcolor="#FF000000" disabledtextcolor="#FFA7A6AA" align="center"  hotimage="rilibak.png"/>
					<Button name="ButtonUI8" float="true" pos="76,1,100,19"textcolor="#FF000000" disabledtextcolor="#FFA7A6AA" align="center"  hotimage="rilibak.png" />
					<Button name="ButtonUI9" float="true" pos="101,1,125,19"textcolor="#FF000000" disabledtextcolor="#FFA7A6AA" align="center"  hotimage="rilibak.png" />
					<Button name="ButtonUI10" float="true" pos="126,1,150,19"textcolor="#FF000000" disabledtextcolor="#FFA7A6AA" align="center"  hotimage="rilibak.png" />
					<Button name="ButtonUI11" float="true" pos="151,1,175,19"textcolor="#FF000000" disabledtextcolor="#FFA7A6AA" align="center"  hotimage="rilibak.png" />
					<!-- row 2 -->
					<Button name="ButtonUI12" float="true" pos="1,20,25,39"textcolor="#FF000000" disabledtextcolor="#FFA7A6AA" align="center"  hotimage="rilibak.png" />
					<Button name="ButtonUI13" float="true" pos="26,20,50,39"textcolor="#FF000000" disabledtextcolor="#FFA7A6AA" align="center"  hotimage="rilibak.png" />
					<Button name="ButtonUI14" float="true" pos="51,20,75,39"textcolor="#FF000000" disabledtextcolor="#FFA7A6AA" align="center"  hotimage="rilibak.png" />
					<Button name="ButtonUI15" float="true" pos="76,20,100,39"textcolor="#FF000000" disabledtextcolor="#FFA7A6AA" align="center"  hotimage="rilibak.png" />
					<Button name="ButtonUI28" float="true" pos="101,20,125,39"textcolor="#FF000000" disabledtextcolor="#FFA7A6AA" align="center"  hotimage="rilibak.png" />
					<Button name="ButtonUI29" float="true" pos="126,20,150,39"textcolor="#FF000000" disabledtextcolor="#FFA7A6AA" align="center"  hotimage="rilibak.png" />
					<Button name="ButtonUI30" float="true" pos="151,20,175,39"textcolor="#FF000000" disabledtextcolor="#FFA7A6AA" align="center"  hotimage="rilibak.png" />
					<!-- row 3 -->
					<Button name="ButtonUI16" float="true" pos="1,40,25,59"textcolor="#FF000000" disabledtextcolor="#FFA7A6AA" align="center"  hotimage="rilibak.png" />
					<Button name="ButtonUI17" float="true" pos="26,40,50,59"textcolor="#FF000000" disabledtextcolor="#FFA7A6AA" align="center"  hotimage="rilibak.png" />
					<Button name="ButtonUI18" float="true" pos="51,40,75,59"textcolor="#FF000000" disabledtextcolor="#FFA7A6AA" align="center"  hotimage="rilibak.png" />
					<Button name="ButtonUI19" float="true" pos="76,40,100,59"textcolor="#FF000000" disabledtextcolor="#FFA7A6AA" align="center"  hotimage="rilibak.png" />
					<Button name="ButtonUI34" float="true" pos="101,40,125,59"textcolor="#FF000000" disabledtextcolor="#FFA7A6AA" align="center"  hotimage="rilibak.png" />
					<Button name="ButtonUI35" float="true" pos="126,40,150,59"textcolor="#FF000000" disabledtextcolor="#FFA7A6AA" align="center"  hotimage="rilibak.png" />
					<Button name="ButtonUI36" float="true" pos="151,40,175,59"textcolor="#FF000000" disabledtextcolor="#FFA7A6AA" align="center"  hotimage="rilibak.png" />
					<!-- row 4 -->
					<Button name="ButtonUI20" float="true" pos="1,60,25,79"textcolor="#FF000000" disabledtextcolor="#FFA7A6AA" align="center"  hotimage="rilibak.png" />
					<Button name="ButtonUI21" float="true" pos="26,60,50,79"textcolor="#FF000000" disabledtextcolor="#FFA7A6AA" align="center"  hotimage="rilibak.png" />
					<Button name="ButtonUI22" float="true" pos="51,60,75,79"textcolor="#FF000000" disabledtextcolor="#FFA7A6AA" align="center"  hotimage="rilibak.png" />
					<Button name="ButtonUI23" float="true" pos="76,60,100,79"textcolor="#FF000000" disabledtextcolor="#FFA7A6AA" align="center"  hotimage="rilibak.png" />
					<Button name="ButtonUI31" float="true" pos="101,60,125,79"textcolor="#FF000000" disabledtextcolor="#FFA7A6AA" align="center"  hotimage="rilibak.png" />
					<Button name="ButtonUI32" float="true" pos="126,60,150,79"textcolor="#FF000000" disabledtextcolor="#FFA7A6AA" align="center"  hotimage="rilibak.png" />
					<Button name="ButtonUI33" float="true" pos="151,60,175,79"textcolor="#FF000000" disabledtextcolor="#FFA7A6AA" align="center"  hotimage="rilibak.png" />
					<!-- row 5 -->
					<Button name="ButtonUI24" float="true" pos="1,80,25,99"textcolor="#FF000000" disabledtextcolor="#FFA7A6AA" align="center"  hotimage="rilibak.png" />
					<Button name="ButtonUI25" float="true" pos="26,80,50,99"textcolor="#FF000000" disabledtextcolor="#FFA7A6AA" align="center"  hotimage="rilibak.png" />
					<Button name="ButtonUI26" float="true" pos="51,80,75,99"textcolor="#FF000000" disabledtextcolor="#FFA7A6AA" align="center"  hotimage="rilibak.png" />
					<Button name="ButtonUI27" float="true" pos="76,80,100,99"textcolor="#FF000000" disabledtextcolor="#FFA7A6AA" align="center"  hotimage="rilibak.png" />
					<Button name="ButtonUI37" float="true" pos="101,80,125,99"textcolor="#FF000000" disabledtextcolor="#FFA7A6AA" align="center"  hotimage="rilibak.png" />
					<Button name="ButtonUI38" float="true" pos="126,80,150,99"textcolor="#FF000000" disabledtextcolor="#FFA7A6AA" align="center"  hotimage="rilibak.png" />
					<Button name="ButtonUI39" float="true" pos="151,80,175,99"textcolor="#FF000000" disabledtextcolor="#FFA7A6AA" align="center"  hotimage="rilibak.png" />
					<!-- row 6 -->
					<Button name="ButtonUI24" float="true" pos="1,100,25,119"textcolor="#FF000000" disabledtextcolor="#FFA7A6AA" align="center"  hotimage="rilibak.png" />
					<Button name="ButtonUI25" float="true" pos="26,100,50,119"textcolor="#FF000000" disabledtextcolor="#FFA7A6AA" align="center"  hotimage="rilibak.png" />
					<Button name="ButtonUI26" float="true" pos="51,100,75,119"textcolor="#FF000000" disabledtextcolor="#FFA7A6AA" align="center"  hotimage="rilibak.png" />
					<Button name="ButtonUI27" float="true" pos="76,100,100,119"textcolor="#FF000000" disabledtextcolor="#FFA7A6AA" align="center"  hotimage="rilibak.png" />
					<Button name="ButtonUI37" float="true" pos="101,100,125,119"textcolor="#FF000000" disabledtextcolor="#FFA7A6AA" align="center"  hotimage="rilibak.png" />
					<Button name="ButtonUI38" float="true" pos="126,100,150,119"textcolor="#FF000000" disabledtextcolor="#FFA7A6AA" align="center"  hotimage="rilibak.png" />
					<Button name="ButtonUI39" float="true" pos="151,100,175,119"textcolor="#FF000000" disabledtextcolor="#FFA7A6AA" align="center"  hotimage="rilibak.png" />
				</Container>
			</VerticalLayout>
		</VerticalLayout>
	</VerticalLayout>
 </Window>