<?xml version="1.0" encoding="utf-8" standalone="yes" ?>
<Window size="320,400">
    <ListContainerElement>
        <VerticalLayout >
            <VerticalLayout name="logo_img" width="320" height="100">
                <HorizontalLayout>
                    <VerticalLayout name="logo_container" width="100" height="100">
                        <Button name="logo" width="60" height="60" padding="20,20,0,0" textcolor="#FFFFFF" disabledtextcolor="#CCCCCC" align="center" />
                    </VerticalLayout>
                    <VerticalLayout>
                        <HorizontalLayout>
                            <Label name="nickname" width="130" height="18" padding="16,26,0,0" textcolor="#666666" disabledtextcolor="#666666" />
                            <Label name="goodat" width="50" height="18" padding="10,26,0,0" textcolor="#333333" disabledtextcolor="#333333" />
                        </HorizontalLayout>
                        <HorizontalLayout name="lastword_container">
                            <Label name="lastword" width="190" height="16" padding="16,8,0,0" textcolor="#333333" disabledtextcolor="#333333" endellipsis="true" />
                        </HorizontalLayout>
                    </VerticalLayout>
                </HorizontalLayout>
            </VerticalLayout>
        </VerticalLayout>
    </ListContainerElement>
</Window>
