<?xml version="1.0" encoding="UTF-8"?>
<Window>
    <ListContainerElement>
        <VerticalLayout>
            <VerticalLayout name="logo_img" height="56">
                <HorizontalLayout>
                    <VerticalLayout name="logo_container" width="60">
                        <Button name="logo" width="40" height="40"  padding="10, 8, 0, 0"/>
                    </VerticalLayout>
                    <VerticalLayout>
                        <HorizontalLayout>
                            <Label name="nickname" padding="0,6,0,0" width="40" text="" bordersize="0" textcolor="#FF000000" disabledtextcolor="#FF808080" />
							<Label name="goodat" padding="0,6,0,0" bordersize="0" textcolor="#FF000000"/>
                        </HorizontalLayout>
						 <HorizontalLayout name="lastword_container" >
                            <Label name="lastword" padding="0,0,0,6" endellipsis="true" text=""  bordersize="0" textcolor="#FF555555"/>
                        </HorizontalLayout>
                    </VerticalLayout>
                </HorizontalLayout>
            </VerticalLayout>
        </VerticalLayout>
    </ListContainerElement>
</Window>
