<?xml version="1.0" encoding="UTF-8"?>
<Window>
    <ListContainerElement>
        <VerticalLayout>
            <VerticalLayout name="logo_img" height="24">
                <HorizontalLayout>
                    <VerticalLayout name="logo_container" width="27">
                        <Button name="logo" width="20" height="20"/>
                    </VerticalLayout>
                    <VerticalLayout>
                        <HorizontalLayout>
                            <Label name="nickname" bordersize="0" width="40" textcolor="#FF000000" disabledtextcolor="#FF808080" />
                            <Label name="description" bordersize="0" textcolor="#FF808080"/>
                        </HorizontalLayout>
                    </VerticalLayout>
                </HorizontalLayout>
            </VerticalLayout>
            <VerticalLayout name="operation" height="18" visible="false">
				<HorizontalLayout padding="27, 0, 0, 0">
					 <Label name="description2" text="其实一开始我是拒绝的,但是后来,Duang,Duang,Duang!" bordersize="0" textcolor="#FF808080"/>
				</HorizontalLayout>
            </VerticalLayout>
        </VerticalLayout>
    </ListContainerElement>
</Window>
