<?xml version="1.0" encoding="utf-8"?>
<Window showshadow="true" shadowimage="shadow.png" shadowcorner="23,13,23,33">
	<Default name="Menu" value="bordersize=&quot;1&quot; borderround=&quot;2,2&quot; bordercolor=&quot;0x303132&quot; inset=&quot;2,2,2,2&quot; itemtextpadding=&quot;30,0,0,0&quot; bkimage=&quot;file='menu_bk.png' corner='26,2,2,2' source='6,6,44,24'&quot; itemselectedbkcolor=&quot;0xFF338ACA&quot;" />
	<Default name="ExplandIcon" value="menu_expand.png" />
	<Menu>
		<MenuElement name="Main_Menu_Histroy" text="消息管理" />
		<MenuElement linetype="true" />
		<MenuElement name="Main_Menu_xtzt" text="系统状态" />
		<MenuElement text="系统设置" expland="true" >
			<MenuElement name="Main_Menu_grsz" text="个人设置" />
			<MenuElement name="Main_Menu_aqsz" text="安全设置" />
			<MenuElement name="Main_Menu_xtrj" text="系统热键" />
			<MenuElement name="Main_Menu_cgsz" text="常规设置" />
		</MenuElement>
		<MenuElement text="在线状态" expland="true" >
			<MenuElement name="Main_Menu_online" text="在线..." icon="icon_online.png" iconsize="13,13" />
			<MenuElement name="Main_Menu_outline" text="离开..." icon="q_likai.png" iconsize="13,13" />
			<MenuElement name="Main_Menu_offline" text="离线..." icon="icon_offline.png" iconsize="13,13" />
		</MenuElement>
		<MenuElement linetype="true" />
		<MenuElement name="Main_Menu_about" text="关于本系统" />
		<MenuElement name="Main_Menu_exit" text="退出" />
	</Menu>
</Window>