<?xml version="1.0" encoding="utf-8"?>
<Window showshadow="true" shadowimage="shadow.png" shadowcorner="23,13,23,33">
	<Default name="Menu" value="bordersize=&quot;1&quot; borderround=&quot;2,2&quot; bordercolor=&quot;0x303132&quot; inset=&quot;2,2,2,2&quot; itemtextpadding=&quot;30,0,0,0&quot; bkimage=&quot;file='menu_bk.png' corner='26,2,2,2' source='6,6,44,24'&quot; itemselectedbkcolor=&quot;0xFF338ACA&quot;" />
	<Default name="ExplandIcon" value="menu_expand.png" />
	<Menu>
		<MenuElement name="Main_Menu_online" text="我在线上" icon="icon_online.png" iconsize="13,13" tooltip="好友能看见您在线" />
		<MenuElement name="Main_Menu_outline" text="离开" icon="q_likai.png" iconsize="13,13" />
		<MenuElement name="Main_Menu_offline" text="离线" icon="icon_offline.png" iconsize="13,13" />
		<MenuElement linetype="true" />
		<MenuElement name="Notify_Menu_gbsy" text="关闭所有声音"/>
		<MenuElement linetype="true" />
		<MenuElement name="Notify_Menu_OpenMain" text="打开主面板" />
		<MenuElement linetype="true" />
		<MenuElement name="Main_Menu_exit" text="退出" />
	</Menu>
</Window>