<?xml version="1.0" encoding="utf-8"?>
<Window showshadow="true" shadowimage="shadow.png" shadowcorner="23,13,23,33">
	<Default name="Menu" value="bordersize=&quot;1&quot; borderround=&quot;2,2&quot; bordercolor=&quot;0x303132&quot; inset=&quot;2,2,2,2&quot; itemtextpadding=&quot;30,0,0,0&quot; bkimage=&quot;file='menu_bk.png' corner='26,2,2,2' source='6,6,44,24'&quot; itemselectedbkcolor=&quot;0xFF338ACA&quot;" />
	<Default name="ExplandIcon" value="menu_expand.png" />
	<Menu>
		<MenuElement name="Menu_Friend_Send" text="发送即时消息" icon="sendmsg.png" iconsize="20,20" />
		<MenuElement linetype="true" />
		<MenuElement name="Menu_Friend_Info" text="查看资料" />
		<MenuElement name="Menu_Friend_Histroy" text="消息记录" icon="msgmgr.png" iconsize="20,20" />
		<MenuElement text="移动联系人至" icon="moveuser.png" iconsize="20,20" expland="true" >
		</MenuElement>
	</Menu>
</Window>