<?xml version="1.0" encoding="utf-8"?>
<Window showshadow="true" shadowimage="shadow.png" shadowcorner="23,13,23,33">
<Default name="Menu" value="bordersize=&quot;1&quot; borderround=&quot;2,2&quot; bordercolor=&quot;0x303132&quot; inset=&quot;2,2,2,2&quot; itemtextpadding=&quot;30,0,0,0&quot; bkimage=&quot;file='menu_bk.png' corner='26,2,2,2' source='6,6,44,24'&quot; itemselectedbkcolor=&quot;0xFF338ACA&quot;" />
<Default name="ExplandIcon" value="menu_expand.png" />
  <Menu>
    <MenuElement name="Menu_Copy_Recv" text="复制 "/>
    <MenuElement name="Menu_SelAll_Recv" text="全部选择 " />
	<MenuElement linetype="true" />
    <MenuElement text="显示比例 " expland="true" >
		<MenuElement name="Menu_ZoomRatio_400" text="400%" />
		<MenuElement name="Menu_ZoomRatio_200" text="200%" />
		<MenuElement name="Menu_ZoomRatio_150" text="150%" />
		<MenuElement name="Menu_ZoomRatio_125" text="125%" />
		<MenuElement name="Menu_ZoomRatio_100" text="100%" />
		<MenuElement name="Menu_ZoomRatio_75" text="75%" />
		<MenuElement name="Menu_ZoomRatio_50" text="50%" />
    </MenuElement>
    <MenuElement name="Menu_SaveAs_Recv" text="另存为... " />
	<MenuElement linetype="true" />
    <MenuElement name="Menu_Clear" text="清屏 " />
  </Menu>
</Window>