<?xml version="1.0" encoding="utf-8" standalone="yes" ?>
<Window size="310,768" sizebox="4,4,4,4" caption="0,0,0,-1" mininfo="300,500" roundcorner="4,4">
    <Font name="微软雅黑" size="12" bold="false" italic="false" default="true" />
    <Font name="微软雅黑" size="12" bold="true" italic="false" />
    <Font name="微软雅黑" size="13" bold="true" italic="false" />
    <Font name="微软雅黑" size="20" bold="false" italic="false" />
    <Font name="微软雅黑" size="14" bold="false" italic="false" />
    <Font name="微软雅黑" size="14" bold="true" italic="false" />
    <Default name="VScrollBar" value="button1normalimage=&quot;file='scrollbar.png' source='0,0,16,16'&quot; button1hotimage=&quot;file='scrollbar.png' source='16,0,32,16,16'&quot; button1pushedimage=&quot;file='scrollbar.png' source='32,0,48,16'&quot; button2normalimage=&quot;file='scrollbar.png' source='0,32,16,48'&quot; button2hotimage=&quot;file='scrollbar.png' source='16,32,32,48'&quot; button2pushedimage=&quot;file='scrollbar.png' source='32,32,48,48'&quot; thumbnormalimage=&quot;file='scrollbar.png' source='0,48,16,64' corner='0,2,0,2'&quot; thumbhotimage=&quot;file='scrollbar.png' source='16,48,32,64' corner='0,2,0,2'&quot; thumbpushedimage=&quot;file='scrollbar.png' source='32,48,48,64' corner='0,2,0,2'&quot; bknormalimage=&quot;file='scrollbar.png' source='0,16,16,32'&quot;" />
    <HorizontalLayout name="mainframe_bg" bkimage="file='top.png' corner='600,200,1,1'">
        <VerticalLayout bkimage="file='border.png' corner='5,5,5,5'" inset="1,0,1,1">
            <HorizontalLayout height="55">
                <VerticalLayout width="80" inset="10,4,0,0">
                    <HorizontalLayout height="25">
                        <Label name="mainframe_appicon" width="23" height="23" bkimage="file='logo.png'" textcolor="#FF000000" disabledtextcolor="#FFA7A6AA" />
                        <Control width="8" />
                        <Label name="mainframe_apptitle" text="秘书" textcolor="#FFFFFFFF" disabledtextcolor="#FFA7A6AA" font="5" />
                    </HorizontalLayout>
                </VerticalLayout>
                <VerticalLayout />
                <VerticalLayout width="95">
                    <Button name="mainframe_minbtn" float="true" pos="28,0,0,0" width="28" height="19" maxheight="19" maxwidth="28" textcolor="#FF000000" disabledtextcolor="#FFA7A6AA" align="center" normalimage="file='btn_mini_normal.png'" hotimage="btn_mini_highlight.png" pushedimage="btn_mini_down.png" />
                    <Button name="mainframe_closebtn" float="true" pos="56,0,0,0" width="39" height="19" maxheight="19" maxwidth="39" textcolor="#FF000000" disabledtextcolor="#FFA7A6AA" align="center" normalimage="file='btn_close_normal.png'" hotimage="btn_close_highlight.png" pushedimage="btn_close_down.png" />
                </VerticalLayout>
            </HorizontalLayout>
            <HorizontalLayout height="70">
                <VerticalLayout width="70" inset="5,0,0,0">
                    <Button name="mainframe_selfPic" width="62" height="62" bkimage="file='self.png'" textcolor="#FF000000" disabledtextcolor="#FFA7A6AA" align="center" normalimage="file='self.png' mask='0xffffffff'" hotimage="file='allbtn_over.png' corner='2,2,2,2' mask='0xffffffff'" pushedimage="file='allbtn_down.png' corner='2,2,2,2'  mask='0xffffffff'" />
                </VerticalLayout>
                <VerticalLayout inset="8,18,0,20">
                    <HorizontalLayout height="30">
                        <Text name="mainframe_mainselfname" text="" textpadding="2,0,2,0" textcolor="#FF000000" disabledtextcolor="#FFA7A6AA" font="3" align="wrap" />
                    </HorizontalLayout>
                </VerticalLayout>
            </HorizontalLayout>
            <VerticalLayout bkimage="file='glow2.png' corner='2,2,2,2'" inset="0,4,0,0">
                <HorizontalLayout bordersize="1" bordercolor="#FFD3DEE5">
                    <HorizontalLayout width="1" />
                    <TabLayout name="mainframe_tabs" bkimage="file='list_bk.png'">
                        <HorizontalLayout name="mainframe_friends_">
                            <FriendList header="hidden" itemshowhtml="true" name="mainframe_friends" vscrollbar="true" />
                        </HorizontalLayout>
                        <HorizontalLayout name="mainframe_groups_">
                            <GroupList header="hidden" itemshowhtml="true" name="mainframe_groups" vscrollbar="true" />
                        </HorizontalLayout>
                        <HorizontalLayout name="mainframe_recent_">
                            <RecentLink header="hidden" itemshowhtml="true" name="mainframe_recent" vscrollbar="true" />
                        </HorizontalLayout>
                    </TabLayout>
                    <HorizontalLayout width="1" inset="0,1,1,0" />
                </HorizontalLayout>
            </VerticalLayout>
        </VerticalLayout>
    </HorizontalLayout>
</Window>
