﻿<?xml version="1.0" encoding="utf-8" standalone="yes" ?>
<Window size="340,152" mininfo="340,152" sizebox="4,4,4,4" caption="0,0,0,-1" roundcorner="4,4">
	<Font name="微软雅黑" size="12" bold="false" italic="false" default="true" />
	<Font name="微软雅黑" size="14" bold="true" italic="false" />
	<Font name="微软雅黑" size="12" bold="true" italic="false" />
	<Default name="VScrollBar" value="button1normalimage=&quot;file='scrollbar.png' source='0,0,16,16'&quot; button1hotimage=&quot;file='scrollbar.png' source='16,0,32,16,16'&quot; button1pushedimage=&quot;file='scrollbar.png' source='32,0,48,16'&quot; button2normalimage=&quot;file='scrollbar.png' source='0,32,16,48'&quot; button2hotimage=&quot;file='scrollbar.png' source='16,32,32,48'&quot; button2pushedimage=&quot;file='scrollbar.png' source='32,32,48,48'&quot; thumbnormalimage=&quot;file='scrollbar.png' source='0,48,16,64' corner='0,2,0,2'&quot; thumbhotimage=&quot;file='scrollbar.png' source='16,48,32,64' corner='0,2,0,2'&quot; thumbpushedimage=&quot;file='scrollbar.png' source='32,48,48,64' corner='0,2,0,2'&quot; bknormalimage=&quot;file='scrollbar.png' source='0,16,16,32'&quot;" />
	<HorizontalLayout name="general_bg" bkimage="file='bg2.png' corner='380,200,1,1'">
		<VerticalLayout bkimage="file='border.png' corner='5,5,5,5'" inset="1,0,1,1">
			<VerticalLayout bkcolor="#FFF0BC59">
				<!-- 顶部区域 -->
				<HorizontalLayout height="30">
					<VerticalLayout height="30" width="28">
						<Label name="mainframe_appicon" padding="10,9,0,0" width="14" height="14" bkimage="file='usermrg_icon.png'" textcolor="#FF000000" disabledtextcolor="#FFA7A6AA" />
					</VerticalLayout>
					<VerticalLayout height="30" inset="2,6,2,0">
						<Text name="general_title" text="添加新的分组" tooltip="添加新的分组" height="21" textpadding="2,0,2,0" textcolor="#FF000000" font="1" align="wrap" />
					</VerticalLayout>
					<VerticalLayout />
					<VerticalLayout width="104">
						<Button name="general_closebtn" float="true" pos="56,0,95,19" width="39" height="19" maxheight="19" maxwidth="39"  normalimage="file='btn_close_normal.png'" hotimage="btn_close_highlight.png" pushedimage="btn_close_down.png"  />
					</VerticalLayout>
				</HorizontalLayout>
				<!-- 分组添加区域 -->
				<HorizontalLayout height="85" bkcolor="#FFFFFFFF">
					<VerticalLayout>
						<Text text="分组名：" width="100" textpadding="20,20,0,0" textcolor="#FF000000" />
						<Edit name="usermrg_add_name" width="300" padding="20,4,0,0" maxchar="16" bordercolor="#FFCCCCCC" bordersize="1" visible="true" bkcolor="#FFFFFFFF" height="26"/>
					</VerticalLayout>
				</HorizontalLayout>
				<!-- 按钮区域 -->
				<HorizontalLayout name="general_login" bkcolor="#FFF2F2F2">
					<Control />
					<Button name="usermrg_add_ok" padding="0,4,0,0" tooltip="确定" text="确定" width="69" height="24" maxheight="24" maxwidth="69" bkimage="file='unsel.bmp'" hotimage="file='btn_hot.png' corner='2,3,2,2'" pushedimage="file='btn_push.png' corner='2,5,2,2'"  />
					<Control width="10"/>
					<Button name="usermrg_add_close" padding="0,4,0,0" tooltip="取消" text="取消" width="69" height="24" maxheight="24" maxwidth="69" bkimage="file='unsel.bmp'" hotimage="file='btn_hot.png' corner='2,3,2,2'" pushedimage="file='btn_push.png' corner='2,5,2,2'"  />
					<Control width="10"/>
				</HorizontalLayout>
				<HorizontalLayout height="1" />
			</VerticalLayout>
		</VerticalLayout>
	</HorizontalLayout>
</Window>
