<?xml version="1.0" encoding="utf-8"?>
<Window showshadow="true" shadowimage="shadow.png" shadowcorner="23,13,23,33">
	<Default name="Menu" value="bordersize=&quot;1&quot; borderround=&quot;2,2&quot; bordercolor=&quot;0x303132&quot; inset=&quot;2,2,2,2&quot; itemtextpadding=&quot;30,0,0,0&quot; bkimage=&quot;file='menu_bk.png' corner='26,2,2,2' source='6,6,44,24'&quot; itemselectedbkcolor=&quot;0xFF338ACA&quot;" />
	<Default name="ExplandIcon" value="menu_expand.png" />
	<Menu>
		<MenuElement name="Group_Mem_Send" text="发送消息" />
		<MenuElement linetype="true" />
		<MenuElement name="Group_Mem_Look" text="查看资料" />
		<MenuElement name="Group_Mem_Shield" text="屏蔽此人发言" />
		<MenuElement linetype="true" />
		<MenuElement name="Group_Mem_Add" enabled="false" text="添加成员" icon="adduser.png" iconsize="20,20" />
		<MenuElement name="Group_Mem_Del" enabled="false" text="删除成员" icon="deluser.png" iconsize="20,20" />
	</Menu>
</Window>