<?xml version="1.0" encoding="utf-8"?>
<Window showshadow="true" shadowimage="shadow.png" shadowcorner="23,13,23,33">
	<Default name="Menu" value="bordersize=&quot;1&quot; borderround=&quot;2,2&quot; bordercolor=&quot;0x303132&quot; inset=&quot;2,2,2,2&quot; itemtextpadding=&quot;30,0,0,0&quot; bkimage=&quot;file='menu_bk.png' corner='26,2,2,2' source='6,6,44,24'&quot; itemselectedbkcolor=&quot;0xFF338ACA&quot;" />
	<Default name="ExplandIcon" value="menu_expand.png" />
	<Menu>
		<MenuElement name="Menu_FZ_New" text="增加分组" />
		<MenuElement name="Menu_FZ_Mod" text="重命名分组" />
		<MenuElement name="Menu_FZ_Del" text="删除分组" />
		<MenuElement linetype="true" />
		<MenuElement text="名称显示 " expland="true" >
			<MenuElement name="Menu_XS_NameAndID" text="显示姓名和账号"/>
			<MenuElement name="Menu_XS_Id" text="显示账号" />
			<MenuElement name="Menu_XS_Name" text="显示姓名" />
		</MenuElement>
		<MenuElement name="Menu_FD_Manger" text="好友管理器" />
	</Menu>
</Window>